type,login,created_at
PushEvent,Hixie,2019-04-01 18:33:00 UTC
PushEvent,engine-flutter-autoroll,2019-04-01 15:36:59 UTC
PushEvent,zanderso,2019-04-01 14:49:18 UTC
PushEvent,engine-flutter-autoroll,2019-04-01 21:30:59 UTC
PushEvent,HansMuller,2019-04-01 16:28:37 UTC
PushEvent,Hixie,2019-04-01 23:48:35 UTC
PushEvent,dkwingsmt,2019-04-01 17:58:48 UTC
PushEvent,dnfield,2019-04-01 23:30:07 UTC
PushEvent,engine-flutter-autoroll,2019-04-02 02:24:58 UTC
PushEvent,a14n,2019-04-02 05:20:43 UTC
PushEvent,engine-flutter-autoroll,2019-04-02 07:10:59 UTC
PushEvent,goderbauer,2019-04-02 01:14:39 UTC
PushEvent,engine-flutter-autoroll,2019-04-02 16:27:58 UTC
PushEvent,LongCatIsLooong,2019-04-02 00:27:54 UTC
PushEvent,engine-flutter-autoroll,2019-04-02 03:56:03 UTC
PushEvent,xster,2019-04-02 18:25:23 UTC
PushEvent,engine-flutter-autoroll,2019-04-02 01:35:59 UTC
PushEvent,Piinks,2019-04-02 16:28:28 UTC
PushEvent,engine-flutter-autoroll,2019-04-02 18:09:05 UTC
PushEvent,mklim,2019-04-03 00:05:42 UTC
PushEvent,shihaohong,2019-04-02 00:42:16 UTC
PushEvent,HansMuller,2019-04-02 16:45:21 UTC
PushEvent,amirh,2019-04-02 19:14:43 UTC
PushEvent,HansMuller,2019-04-03 23:57:25 UTC
PushEvent,christopherfujino,2019-04-03 19:30:52 UTC
PushEvent,zanderso,2019-04-04 04:15:03 UTC
PushEvent,HansMuller,2019-04-05 23:03:11 UTC
PushEvent,engine-flutter-autoroll,2019-04-05 18:41:57 UTC
PushEvent,engine-flutter-autoroll,2019-04-05 16:47:00 UTC
PushEvent,xster,2019-04-06 01:55:54 UTC
PushEvent,chingjun,2019-04-12 20:31:19 UTC
PushEvent,GaryQian,2019-04-08 17:27:36 UTC
PushEvent,Hixie,2019-04-12 20:18:19 UTC
PushEvent,jonahwilliams,2019-03-18 22:50:26 UTC
PushEvent,filiph,2019-03-18 21:38:13 UTC
PushEvent,xster,2019-03-18 18:20:25 UTC
PushEvent,goderbauer,2019-04-04 07:17:43 UTC
PushEvent,engine-flutter-autoroll,2019-04-04 21:54:58 UTC
PushEvent,dkwingsmt,2019-04-04 17:27:26 UTC
PushEvent,liyuqian,2019-03-01 04:08:12 UTC
PushEvent,HansMuller,2019-03-01 16:03:22 UTC
PushEvent,Piinks,2019-03-01 23:47:15 UTC
PushEvent,timsneath,2019-04-05 18:39:47 UTC
PushEvent,HansMuller,2019-04-05 01:06:12 UTC
PushEvent,timsneath,2019-04-05 15:51:31 UTC
PushEvent,engine-flutter-autoroll,2019-04-06 23:32:00 UTC
PushEvent,engine-flutter-autoroll,2019-03-01 16:59:44 UTC
PushEvent,HansMuller,2019-03-01 18:34:16 UTC
PushEvent,Piinks,2019-03-18 21:05:58 UTC
PushEvent,filiph,2019-03-12 17:14:09 UTC
PushEvent,DarrenGoog,2019-04-04 22:02:28 UTC
PushEvent,dkwingsmt,2019-04-04 22:11:47 UTC
PushEvent,goderbauer,2019-04-04 07:13:50 UTC
PushEvent,xster,2019-04-04 22:15:01 UTC
PushEvent,dnfield,2019-03-18 17:08:41 UTC
PushEvent,jonahwilliams,2019-03-18 17:51:40 UTC
PushEvent,liyuqian,2019-01-05 23:21:03 UTC
PushEvent,bkonyi,2019-01-10 21:08:44 UTC
PushEvent,jonahwilliams,2019-04-13 00:04:36 UTC
PushEvent,jonahwilliams,2019-03-08 20:25:49 UTC
PushEvent,xster,2019-03-09 00:14:58 UTC
PushEvent,dnfield,2019-03-09 00:12:42 UTC
PushEvent,goderbauer,2019-03-18 17:31:20 UTC
PushEvent,franciscojma86,2019-03-18 18:12:18 UTC
PushEvent,engine-flutter-autoroll,2019-03-18 22:12:49 UTC
PushEvent,engine-flutter-autoroll,2019-04-07 10:22:07 UTC
PushEvent,jonahwilliams,2019-04-10 19:25:08 UTC
PushEvent,cbracken,2019-04-12 20:35:54 UTC
PushEvent,tvolkert,2019-01-09 17:05:11 UTC
PushEvent,jonahwilliams,2019-03-26 01:47:55 UTC
PushEvent,engine-flutter-autoroll,2019-04-10 03:15:37 UTC
PushEvent,jonahwilliams,2019-03-19 23:20:00 UTC
PushEvent,jonahwilliams,2019-01-08 05:58:37 UTC
PushEvent,xster,2019-04-08 23:57:16 UTC
PushEvent,engine-flutter-autoroll,2019-03-18 01:07:53 UTC
PushEvent,engine-flutter-autoroll,2019-03-18 09:02:54 UTC
PushEvent,dnfield,2019-03-18 19:30:17 UTC
PushEvent,xster,2019-04-11 05:38:50 UTC
PushEvent,liyuqian,2019-04-11 02:19:48 UTC
PushEvent,dnfield,2019-04-11 07:31:29 UTC
PushEvent,timsneath,2019-04-09 01:02:26 UTC
PushEvent,xster,2019-03-26 07:26:32 UTC
PushEvent,bkonyi,2019-01-10 22:17:47 UTC
PushEvent,sbaranov,2019-04-10 00:48:31 UTC
PushEvent,gspencergoog,2019-04-10 23:57:52 UTC
PushEvent,engine-flutter-autoroll,2019-04-10 18:55:36 UTC
PushEvent,goderbauer,2019-01-02 18:09:47 UTC
PushEvent,engine-flutter-autoroll,2019-04-04 15:27:58 UTC
PushEvent,engine-flutter-autoroll,2019-04-05 02:49:03 UTC
PushEvent,engine-flutter-autoroll,2019-04-05 22:53:58 UTC
PushEvent,keertip,2019-03-26 20:54:20 UTC
PushEvent,Piinks,2019-03-26 17:05:44 UTC
PushEvent,goderbauer,2019-04-04 07:13:28 UTC
PushEvent,justinmc,2019-04-04 18:59:53 UTC
PushEvent,rami-a,2019-04-04 13:51:28 UTC
PushEvent,engine-flutter-autoroll,2019-04-04 19:10:58 UTC
PushEvent,johnsonmh,2019-04-04 20:30:34 UTC
PushEvent,jonahwilliams,2019-01-18 18:11:00 UTC
PushEvent,johnsonmh,2019-01-18 19:13:30 UTC
PushEvent,engine-flutter-autoroll,2019-03-02 01:48:47 UTC
PushEvent,tvolkert,2019-04-08 04:29:49 UTC
PushEvent,chalin,2019-01-24 00:19:25 UTC
PushEvent,jonahwilliams,2019-03-26 17:01:39 UTC
PushEvent,amirh,2019-03-26 16:37:44 UTC
PushEvent,sjindel-google,2019-03-13 17:10:18 UTC
PushEvent,dnfield,2019-03-13 19:27:23 UTC
PushEvent,dnfield,2019-01-25 02:38:18 UTC
PushEvent,cbracken,2019-01-25 14:35:03 UTC
PushEvent,engine-flutter-autoroll,2019-04-12 07:01:38 UTC
PushEvent,Hixie,2019-01-14 05:03:05 UTC
PushEvent,justinmc,2019-01-14 23:23:04 UTC
PushEvent,engine-flutter-autoroll,2019-01-14 19:15:08 UTC
PushEvent,aam,2019-01-14 20:23:28 UTC
PushEvent,engine-flutter-autoroll,2019-01-14 17:01:12 UTC
PushEvent,bparrishMines,2019-04-10 22:01:41 UTC
PushEvent,HansMuller,2019-01-24 17:31:13 UTC
PushEvent,engine-flutter-autoroll,2019-03-17 02:39:54 UTC
PushEvent,engine-flutter-autoroll,2019-03-17 20:07:56 UTC
PushEvent,jonahwilliams,2019-01-07 17:49:47 UTC
PushEvent,HansMuller,2019-01-07 17:05:27 UTC
PushEvent,Piinks,2019-03-07 21:35:57 UTC
PushEvent,dnfield,2019-01-19 05:56:56 UTC
PushEvent,dnfield,2019-01-19 20:00:00 UTC
PushEvent,HansMuller,2019-04-06 00:40:57 UTC
PushEvent,goderbauer,2019-01-02 18:02:00 UTC
PushEvent,engine-flutter-autoroll,2019-01-02 17:13:00 UTC
PushEvent,xster,2019-04-10 08:25:23 UTC
PushEvent,dkwingsmt,2019-04-10 21:14:29 UTC
PushEvent,dkwingsmt,2019-04-10 19:40:51 UTC
PushEvent,filiph,2019-03-18 18:31:30 UTC
PushEvent,rami-a,2019-04-08 15:22:37 UTC
PushEvent,engine-flutter-autoroll,2019-03-04 18:31:49 UTC
PushEvent,dnfield,2019-04-11 16:25:00 UTC
PushEvent,jonahwilliams,2019-04-11 19:44:48 UTC
PushEvent,a14n,2019-03-01 07:18:12 UTC
PushEvent,clocksmith,2019-03-01 00:17:37 UTC
PushEvent,cbracken,2019-03-01 09:34:15 UTC
PushEvent,dnfield,2019-03-21 00:38:05 UTC
PushEvent,justinmc,2019-03-07 15:01:47 UTC
PushEvent,goderbauer,2019-04-04 07:14:31 UTC
PushEvent,shihaohong,2019-04-04 14:13:15 UTC
PushEvent,dkwingsmt,2019-03-01 22:41:37 UTC
PushEvent,xster,2019-02-22 00:18:57 UTC
PushEvent,cbracken,2019-02-22 07:15:40 UTC
PushEvent,christopherfujino,2019-03-28 17:09:00 UTC
PushEvent,chingjun,2019-03-20 21:22:27 UTC
PushEvent,gspencergoog,2019-01-18 18:08:13 UTC
PushEvent,goderbauer,2019-01-04 01:18:48 UTC
PushEvent,sbaranov,2019-01-04 19:57:53 UTC
PushEvent,a14n,2019-01-06 20:08:05 UTC
PushEvent,amirh,2019-03-04 22:27:05 UTC
PushEvent,mraleph,2019-04-03 10:12:46 UTC
PushEvent,goderbauer,2019-04-03 19:48:57 UTC
PushEvent,GaryQian,2019-03-08 04:06:00 UTC
PushEvent,jonahwilliams,2019-03-08 06:18:29 UTC
PushEvent,HansMuller,2019-01-29 00:20:40 UTC
PushEvent,goderbauer,2019-03-11 20:16:27 UTC
PushEvent,xster,2019-03-07 21:25:48 UTC
PushEvent,goderbauer,2019-02-06 23:57:54 UTC
PushEvent,jonahwilliams,2019-02-06 22:39:09 UTC
PushEvent,engine-flutter-autoroll,2019-02-06 22:41:48 UTC
PushEvent,clocksmith,2019-02-06 18:48:15 UTC
PushEvent,goderbauer,2019-02-06 22:40:10 UTC
PushEvent,HansMuller,2019-03-12 16:44:54 UTC
PushEvent,jason-simmons,2019-01-30 19:14:59 UTC
PushEvent,jonahwilliams,2019-01-30 16:34:21 UTC
PushEvent,jonahwilliams,2019-01-30 15:36:21 UTC
PushEvent,mehmetf,2019-01-03 03:44:46 UTC
PushEvent,GaryQian,2019-01-03 18:03:39 UTC
PushEvent,zanderso,2019-01-03 17:16:18 UTC
PushEvent,engine-flutter-autoroll,2019-01-03 19:55:49 UTC
PushEvent,goderbauer,2019-03-01 22:05:30 UTC
PushEvent,gspencergoog,2019-03-01 22:38:57 UTC
PushEvent,jonahwilliams,2019-03-30 00:00:36 UTC
PushEvent,HansMuller,2019-02-11 23:53:52 UTC
PushEvent,engine-flutter-autoroll,2019-03-12 04:43:47 UTC
PushEvent,willlarche,2019-03-12 23:13:55 UTC
PushEvent,HansMuller,2019-01-23 00:39:29 UTC
PushEvent,gspencergoog,2019-01-23 16:33:34 UTC
PushEvent,shihaohong,2019-03-30 19:59:19 UTC
PushEvent,engine-flutter-autoroll,2019-04-05 01:37:58 UTC
PushEvent,LongCatIsLooong,2019-04-05 22:57:45 UTC
PushEvent,engine-flutter-autoroll,2019-04-05 15:37:57 UTC
PushEvent,Hixie,2019-01-14 04:45:20 UTC
PushEvent,tvolkert,2019-03-07 14:58:22 UTC
PushEvent,engine-flutter-autoroll,2019-02-11 23:07:47 UTC
PushEvent,bkonyi,2019-02-13 01:06:04 UTC
PushEvent,goderbauer,2019-02-13 02:00:56 UTC
PushEvent,dnfield,2019-03-22 21:32:51 UTC
PushEvent,dnfield,2019-03-29 19:42:14 UTC
PushEvent,jonahwilliams,2019-03-29 21:27:12 UTC
PushEvent,liyuqian,2019-03-29 17:49:24 UTC
PushEvent,jonahwilliams,2019-03-29 17:05:37 UTC
PushEvent,engine-flutter-autoroll,2019-03-20 05:28:59 UTC
PushEvent,xster,2019-03-29 22:57:27 UTC
PushEvent,xster,2019-03-29 22:56:36 UTC
PushEvent,jslavitz,2019-01-07 23:11:32 UTC
PushEvent,engine-flutter-autoroll,2019-01-07 06:04:48 UTC
PushEvent,a14n,2019-03-09 08:03:27 UTC
PushEvent,engine-flutter-autoroll,2019-03-09 18:08:46 UTC
PushEvent,goderbauer,2019-01-16 16:47:58 UTC
PushEvent,dnfield,2019-03-19 22:17:20 UTC
PushEvent,engine-flutter-autoroll,2019-03-19 20:05:12 UTC
PushEvent,engine-flutter-autoroll,2019-03-22 01:55:03 UTC
PushEvent,mdebbar,2019-03-22 23:05:09 UTC
PushEvent,HansMuller,2019-01-04 22:52:58 UTC
PushEvent,engine-flutter-autoroll,2019-01-04 10:38:53 UTC
PushEvent,jcollins-g,2019-01-04 00:33:16 UTC
PushEvent,jonahwilliams,2019-03-01 01:10:38 UTC
PushEvent,cbracken,2019-03-01 07:06:02 UTC
PushEvent,dnfield,2019-03-01 22:44:14 UTC
PushEvent,jonahwilliams,2019-03-01 23:42:59 UTC
PushEvent,goderbauer,2019-02-13 21:49:16 UTC
PushEvent,tvolkert,2019-04-08 04:01:51 UTC
PushEvent,awdavies,2019-01-22 18:49:35 UTC
PushEvent,jonahwilliams,2019-01-22 18:37:42 UTC
PushEvent,Piinks,2019-03-11 16:15:03 UTC
PushEvent,jonahwilliams,2019-01-07 00:38:35 UTC
PushEvent,maryx,2019-01-07 21:18:39 UTC
PushEvent,liamappelbe,2019-01-24 23:59:00 UTC
PushEvent,dnfield,2019-01-24 18:02:55 UTC
PushEvent,jonahwilliams,2019-02-06 02:35:39 UTC
PushEvent,xster,2019-02-06 03:12:54 UTC
PushEvent,willlarche,2019-03-13 22:24:40 UTC
PushEvent,dnfield,2019-02-15 23:57:07 UTC
PushEvent,mkustermann,2019-02-15 13:11:17 UTC
PushEvent,engine-flutter-autoroll,2019-04-09 11:19:10 UTC
PushEvent,engine-flutter-autoroll,2019-02-08 19:01:48 UTC
PushEvent,HansMuller,2019-02-08 20:14:57 UTC
PushEvent,clocksmith,2019-02-08 15:48:19 UTC
PushEvent,bkonyi,2019-02-22 23:33:18 UTC
PushEvent,rami-a,2019-02-22 20:50:53 UTC
PushEvent,engine-flutter-autoroll,2019-03-08 17:07:46 UTC
PushEvent,dnfield,2019-03-08 15:08:50 UTC
PushEvent,justinmc,2019-03-08 20:23:00 UTC
PushEvent,xster,2019-02-26 02:34:21 UTC
PushEvent,GaryQian,2019-01-03 20:52:03 UTC
PushEvent,a-siva,2019-01-03 18:56:10 UTC
PushEvent,jonahwilliams,2019-01-03 20:55:35 UTC
PushEvent,engine-flutter-autoroll,2019-03-16 02:45:54 UTC
PushEvent,engine-flutter-autoroll,2019-03-16 23:14:56 UTC
PushEvent,jonahwilliams,2019-03-16 02:33:45 UTC
PushEvent,engine-flutter-autoroll,2019-03-16 00:49:54 UTC
PushEvent,Piinks,2019-04-04 21:17:33 UTC
PushEvent,engine-flutter-autoroll,2019-02-16 04:32:50 UTC
PushEvent,xster,2019-01-22 18:51:56 UTC
PushEvent,dnfield,2019-01-28 23:36:21 UTC
PushEvent,clocksmith,2019-02-01 00:40:41 UTC
PushEvent,jonahwilliams,2019-03-07 01:43:07 UTC
PushEvent,jonahwilliams,2019-03-07 18:45:47 UTC
PushEvent,dnfield,2019-03-07 19:31:50 UTC
PushEvent,engine-flutter-autoroll,2019-01-16 06:02:12 UTC
PushEvent,johnsonmh,2019-01-16 18:30:41 UTC
PushEvent,HansMuller,2019-01-16 16:35:59 UTC
PushEvent,HansMuller,2019-02-26 00:03:47 UTC
PushEvent,goderbauer,2019-02-26 06:20:03 UTC
PushEvent,engine-flutter-autoroll,2019-02-08 01:40:46 UTC
PushEvent,engine-flutter-autoroll,2019-02-08 00:44:49 UTC
PushEvent,engine-flutter-autoroll,2019-02-08 18:03:49 UTC
PushEvent,jonahwilliams,2019-04-13 00:42:42 UTC
PushEvent,a14n,2019-01-07 20:44:37 UTC
PushEvent,gspencergoog,2019-02-07 00:53:33 UTC
PushEvent,xster,2019-02-07 21:20:29 UTC
PushEvent,dkwingsmt,2019-04-09 01:41:33 UTC
PushEvent,shihaohong,2019-04-09 21:02:05 UTC
PushEvent,shihaohong,2019-04-09 17:11:14 UTC
PushEvent,liyuqian,2019-04-09 17:01:36 UTC
PushEvent,engine-flutter-autoroll,2019-01-31 02:32:05 UTC
PushEvent,engine-flutter-autoroll,2019-01-12 04:19:12 UTC
PushEvent,jonahwilliams,2019-03-09 03:26:59 UTC
PushEvent,engine-flutter-autoroll,2019-03-09 23:21:50 UTC
PushEvent,engine-flutter-autoroll,2019-02-05 03:43:47 UTC
PushEvent,jonahwilliams,2019-02-13 02:38:08 UTC
PushEvent,jslavitz,2019-02-13 20:25:41 UTC
PushEvent,bkonyi,2019-02-13 00:48:21 UTC
PushEvent,dnfield,2019-01-23 23:57:08 UTC
PushEvent,engine-flutter-autoroll,2019-02-25 07:40:59 UTC
PushEvent,liyuqian,2019-02-25 18:20:04 UTC
PushEvent,xster,2019-01-09 02:35:15 UTC
PushEvent,dnfield,2019-01-09 22:44:11 UTC
PushEvent,xster,2019-01-09 22:55:23 UTC
PushEvent,gspencergoog,2019-01-09 21:15:48 UTC
PushEvent,aam,2019-03-21 04:58:30 UTC
PushEvent,engine-flutter-autoroll,2019-03-21 01:20:56 UTC
PushEvent,jonahwilliams,2019-03-21 23:13:19 UTC
PushEvent,Hixie,2019-02-25 20:55:12 UTC
PushEvent,bkonyi,2019-02-25 21:20:34 UTC
PushEvent,bkonyi,2019-02-25 20:46:48 UTC
PushEvent,engine-flutter-autoroll,2019-02-12 05:09:47 UTC
PushEvent,xster,2019-02-12 23:11:07 UTC
PushEvent,xster,2019-02-12 09:05:32 UTC
PushEvent,rami-a,2019-02-01 14:34:33 UTC
PushEvent,johnsonmh,2019-01-10 15:19:57 UTC
PushEvent,dnfield,2019-01-10 02:56:01 UTC
PushEvent,dnfield,2019-01-10 03:34:31 UTC
PushEvent,bkonyi,2019-01-10 22:20:23 UTC
PushEvent,bkonyi,2019-01-10 21:02:59 UTC
PushEvent,goderbauer,2019-01-30 05:35:41 UTC
PushEvent,xster,2019-01-30 04:33:39 UTC
PushEvent,goderbauer,2019-01-30 16:55:01 UTC
PushEvent,jonahwilliams,2019-01-30 15:34:14 UTC
PushEvent,sbaranov,2019-01-04 00:18:56 UTC
PushEvent,engine-flutter-autoroll,2019-03-16 19:31:50 UTC
PushEvent,tvolkert,2019-02-15 06:10:02 UTC
PushEvent,gspencergoog,2019-02-15 16:40:35 UTC
PushEvent,jonahwilliams,2019-02-15 19:59:39 UTC
PushEvent,jslavitz,2019-02-15 18:55:23 UTC
PushEvent,liyuqian,2019-03-26 00:09:55 UTC
PushEvent,engine-flutter-autoroll,2019-02-05 02:40:11 UTC
PushEvent,engine-flutter-autoroll,2019-02-05 00:20:46 UTC
PushEvent,jonahwilliams,2019-03-02 03:18:54 UTC
PushEvent,Piinks,2019-02-27 22:59:45 UTC
PushEvent,maryx,2019-01-07 21:53:48 UTC
PushEvent,goderbauer,2019-01-07 17:42:56 UTC
PushEvent,engine-flutter-autoroll,2019-03-09 03:10:46 UTC
PushEvent,engine-flutter-autoroll,2019-03-09 09:29:45 UTC
PushEvent,mklim,2019-02-08 01:23:54 UTC
PushEvent,engine-flutter-autoroll,2019-03-30 05:37:56 UTC
PushEvent,HansMuller,2019-03-12 23:18:10 UTC
PushEvent,filiph,2019-03-12 16:47:27 UTC
PushEvent,xster,2019-02-05 23:00:37 UTC
PushEvent,engine-flutter-autoroll,2019-03-01 04:02:46 UTC
PushEvent,jonahwilliams,2019-03-01 22:12:01 UTC
PushEvent,dnfield,2019-03-01 18:20:28 UTC
PushEvent,dnfield,2019-01-25 20:12:38 UTC
PushEvent,dnfield,2019-01-25 18:37:47 UTC
PushEvent,engine-flutter-autoroll,2019-03-28 00:13:57 UTC
PushEvent,goderbauer,2019-01-10 20:18:03 UTC
PushEvent,DanTup,2019-01-10 15:34:20 UTC
PushEvent,LongCatIsLooong,2019-04-11 03:14:55 UTC
PushEvent,bkonyi,2019-04-11 17:53:16 UTC
PushEvent,bkonyi,2019-04-11 17:53:28 UTC
PushEvent,bkonyi,2019-04-11 19:08:28 UTC
PushEvent,johnsonmh,2019-04-11 13:48:55 UTC
PushEvent,HansMuller,2019-01-04 19:59:44 UTC
PushEvent,goderbauer,2019-04-05 21:01:43 UTC
PushEvent,chingjun,2019-04-08 19:38:03 UTC
PushEvent,jonahwilliams,2019-03-20 20:59:12 UTC
PushEvent,goderbauer,2019-03-20 21:43:01 UTC
PushEvent,chunhtai,2019-04-11 23:23:28 UTC
PushEvent,jonahwilliams,2019-03-27 23:21:32 UTC
PushEvent,zanderso,2019-03-27 21:29:09 UTC
PushEvent,jonahwilliams,2019-03-27 00:11:24 UTC
PushEvent,LongCatIsLooong,2019-03-27 16:31:02 UTC
PushEvent,engine-flutter-autoroll,2019-03-15 22:00:53 UTC
PushEvent,mdebbar,2019-03-15 20:09:41 UTC
PushEvent,jason-simmons,2019-03-15 16:32:25 UTC
PushEvent,engine-flutter-autoroll,2019-03-15 13:51:57 UTC
PushEvent,gspencergoog,2019-04-10 02:37:30 UTC
PushEvent,liyuqian,2019-04-10 01:56:00 UTC
PushEvent,tvolkert,2019-04-10 21:49:29 UTC
PushEvent,jonahwilliams,2019-04-10 19:24:23 UTC
PushEvent,shihaohong,2019-04-09 20:46:48 UTC
PushEvent,cyanglaz,2019-03-07 22:21:32 UTC
PushEvent,GaryQian,2019-03-13 18:53:04 UTC
PushEvent,jonahwilliams,2019-02-08 23:50:36 UTC
PushEvent,xster,2019-02-08 01:25:36 UTC
PushEvent,cbracken,2019-01-16 03:43:14 UTC
PushEvent,goderbauer,2019-01-16 03:00:29 UTC
PushEvent,sjindel-google,2019-01-22 10:46:45 UTC
PushEvent,rami-a,2019-01-22 14:40:28 UTC
PushEvent,engine-flutter-autoroll,2019-03-28 15:56:03 UTC
PushEvent,jonahwilliams,2019-03-28 17:38:13 UTC
PushEvent,engine-flutter-autoroll,2019-02-08 22:49:46 UTC
PushEvent,jonahwilliams,2019-02-08 23:24:26 UTC
PushEvent,zanderso,2019-02-08 15:41:09 UTC
PushEvent,jonahwilliams,2019-04-08 20:49:25 UTC
PushEvent,jonahwilliams,2019-04-08 20:48:39 UTC
PushEvent,jonahwilliams,2019-03-01 04:06:30 UTC
PushEvent,alexmarkov,2019-03-01 18:23:14 UTC
PushEvent,jonahwilliams,2019-03-08 21:16:04 UTC
PushEvent,johnsonmh,2019-01-18 00:02:52 UTC
PushEvent,jonahwilliams,2019-01-18 18:10:02 UTC
PushEvent,xster,2019-01-18 18:37:52 UTC
PushEvent,Piinks,2019-03-04 21:09:44 UTC
PushEvent,dnfield,2019-03-14 15:27:13 UTC
PushEvent,xster,2019-02-15 03:20:11 UTC
PushEvent,HansMuller,2019-02-06 19:11:09 UTC
PushEvent,xster,2019-02-06 22:11:50 UTC
PushEvent,jonahwilliams,2019-02-06 23:41:40 UTC
PushEvent,dnfield,2019-03-19 03:32:20 UTC
PushEvent,engine-flutter-autoroll,2019-03-19 22:26:56 UTC
PushEvent,bkonyi,2019-03-19 22:37:57 UTC
PushEvent,goderbauer,2019-02-21 02:40:52 UTC
PushEvent,dnfield,2019-02-21 23:57:36 UTC
PushEvent,jonahwilliams,2019-02-12 02:05:43 UTC
PushEvent,zanderso,2019-02-12 18:37:20 UTC
PushEvent,dnfield,2019-01-11 21:38:22 UTC
PushEvent,xster,2019-02-07 21:24:21 UTC
PushEvent,matthew-carroll,2019-02-07 00:53:06 UTC
PushEvent,mit-mit,2019-04-09 15:03:30 UTC
PushEvent,jonahwilliams,2019-04-09 17:12:47 UTC
PushEvent,cbracken,2019-03-06 02:19:04 UTC
PushEvent,engine-flutter-autoroll,2019-03-06 23:49:42 UTC
PushEvent,a-siva,2019-04-11 20:08:15 UTC
PushEvent,DanTup,2019-02-11 16:21:12 UTC
PushEvent,engine-flutter-autoroll,2019-04-03 06:01:03 UTC
PushEvent,goderbauer,2019-04-03 18:57:02 UTC
PushEvent,jason-simmons,2019-01-18 00:33:31 UTC
PushEvent,LongCatIsLooong,2019-04-11 02:46:38 UTC
PushEvent,justinmc,2019-04-11 16:32:41 UTC
PushEvent,gspencergoog,2019-04-11 20:11:37 UTC
PushEvent,xster,2019-01-04 19:07:37 UTC
PushEvent,engine-flutter-autoroll,2019-02-09 16:23:48 UTC
PushEvent,bkonyi,2019-01-10 21:01:36 UTC
PushEvent,bkonyi,2019-01-10 22:54:26 UTC
PushEvent,bkonyi,2019-01-10 21:13:09 UTC
PushEvent,dnfield,2019-01-27 17:43:33 UTC
PushEvent,tvolkert,2019-03-07 14:55:26 UTC
PushEvent,bkonyi,2019-01-09 00:41:00 UTC
PushEvent,bkonyi,2019-01-09 01:59:35 UTC
PushEvent,xster,2019-04-03 01:32:14 UTC
PushEvent,engine-flutter-autoroll,2019-04-03 00:57:57 UTC
PushEvent,HansMuller,2019-03-12 23:17:26 UTC
PushEvent,kangwang1988,2019-02-12 02:14:18 UTC
PushEvent,engine-flutter-autoroll,2019-02-12 00:48:47 UTC
PushEvent,kangwang1988,2019-02-12 04:25:19 UTC
PushEvent,HansMuller,2019-02-12 22:02:56 UTC
PushEvent,zanderso,2019-02-26 19:35:44 UTC
PushEvent,HansMuller,2019-01-22 23:07:13 UTC
PushEvent,jslavitz,2019-01-22 20:46:58 UTC
PushEvent,kf6gpe,2019-03-11 17:17:03 UTC
PushEvent,dnfield,2019-03-11 20:41:24 UTC
PushEvent,clocksmith,2019-02-26 22:40:07 UTC
PushEvent,goderbauer,2019-02-26 23:17:13 UTC
PushEvent,jonahwilliams,2019-03-25 15:43:39 UTC
PushEvent,DanTup,2019-03-25 18:38:27 UTC
PushEvent,mklim,2019-01-10 23:08:15 UTC
PushEvent,gspencergoog,2019-01-10 18:49:31 UTC
PushEvent,bkonyi,2019-01-10 19:39:51 UTC
PushEvent,engine-flutter-autoroll,2019-03-30 13:36:05 UTC
PushEvent,jonahwilliams,2019-03-30 03:41:24 UTC
PushEvent,engine-flutter-autoroll,2019-03-30 20:46:00 UTC
PushEvent,engine-flutter-autoroll,2019-02-11 19:39:51 UTC
PushEvent,engine-flutter-autoroll,2019-02-11 20:47:48 UTC
PushEvent,xster,2019-03-06 23:49:14 UTC
PushEvent,dnfield,2019-03-06 22:23:54 UTC
PushEvent,shihaohong,2019-03-19 21:44:42 UTC
PushEvent,engine-flutter-autoroll,2019-02-23 03:49:45 UTC
PushEvent,engine-flutter-autoroll,2019-02-23 07:03:48 UTC
PushEvent,kf6gpe,2019-02-23 05:17:43 UTC
PushEvent,a14n,2019-03-07 20:09:46 UTC
PushEvent,jonahwilliams,2019-03-23 01:19:54 UTC
PushEvent,engine-flutter-autoroll,2019-03-23 17:20:56 UTC
PushEvent,bkonyi,2019-03-20 03:01:20 UTC
PushEvent,xster,2019-03-20 21:53:37 UTC
PushEvent,shihaohong,2019-03-20 20:38:57 UTC
PushEvent,cbracken,2019-03-01 07:53:46 UTC
PushEvent,mdebbar,2019-03-01 21:57:27 UTC
PushEvent,jonahwilliams,2019-01-26 07:37:45 UTC
PushEvent,stuartmorgan,2019-03-11 17:08:30 UTC
PushEvent,xster,2019-01-11 22:36:31 UTC
PushEvent,HansMuller,2019-02-01 17:02:00 UTC
PushEvent,engine-flutter-autoroll,2019-01-23 23:42:02 UTC
PushEvent,jonahwilliams,2019-02-26 20:01:37 UTC
PushEvent,engine-flutter-autoroll,2019-02-26 05:35:50 UTC
PushEvent,gspencergoog,2019-02-08 18:12:31 UTC
PushEvent,HansMuller,2019-02-08 18:45:11 UTC
PushEvent,matthew-carroll,2019-01-09 20:35:18 UTC
PushEvent,xster,2019-01-09 23:48:17 UTC
PushEvent,jonahwilliams,2019-02-11 22:49:27 UTC
PushEvent,engine-flutter-autoroll,2019-03-30 02:42:01 UTC
PushEvent,jonahwilliams,2019-03-30 03:33:57 UTC
PushEvent,dnfield,2019-04-10 21:58:04 UTC
PushEvent,dkwingsmt,2019-04-10 23:41:00 UTC
PushEvent,HansMuller,2019-01-18 20:45:09 UTC
PushEvent,liyuqian,2019-03-16 05:03:36 UTC
PushEvent,engine-flutter-autoroll,2019-02-28 01:22:44 UTC
PushEvent,HansMuller,2019-02-28 19:41:20 UTC
PushEvent,Piinks,2019-02-28 19:29:51 UTC
PushEvent,mraleph,2019-01-16 20:23:40 UTC
PushEvent,mraleph,2019-01-16 20:30:57 UTC
PushEvent,justinmc,2019-01-16 16:13:27 UTC
PushEvent,jason-simmons,2019-01-12 02:19:33 UTC
PushEvent,engine-flutter-autoroll,2019-01-12 03:19:07 UTC
PushEvent,jonahwilliams,2019-03-27 21:41:08 UTC
PushEvent,jason-simmons,2019-03-06 19:23:43 UTC
PushEvent,sbaranov,2019-02-12 00:57:43 UTC
PushEvent,gspencergoog,2019-02-12 00:29:57 UTC
PushEvent,engine-flutter-autoroll,2019-02-24 09:30:50 UTC
PushEvent,xster,2019-02-25 22:35:08 UTC
PushEvent,rami-a,2019-02-25 18:47:18 UTC
PushEvent,goderbauer,2019-01-16 03:06:25 UTC
PushEvent,goderbauer,2019-01-16 18:43:47 UTC
PushEvent,rami-a,2019-01-16 16:42:49 UTC
PushEvent,cbracken,2019-01-16 18:32:02 UTC
PushEvent,HansMuller,2019-01-16 16:36:13 UTC
PushEvent,justinmc,2019-01-16 17:48:24 UTC
PushEvent,engine-flutter-autoroll,2019-03-21 00:03:58 UTC
PushEvent,jonahwilliams,2019-03-21 19:47:33 UTC
PushEvent,GaryQian,2019-02-12 23:03:02 UTC
PushEvent,tvolkert,2019-02-12 20:29:54 UTC
PushEvent,dnfield,2019-02-13 23:45:35 UTC
PushEvent,gspencergoog,2019-02-13 15:48:30 UTC
PushEvent,jonahwilliams,2019-03-08 05:56:19 UTC
PushEvent,liyuqian,2019-03-01 04:06:44 UTC
PushEvent,liyuqian,2019-03-07 20:45:56 UTC
PushEvent,jonahwilliams,2019-03-07 19:02:57 UTC
PushEvent,xster,2019-02-15 00:50:21 UTC
PushEvent,Hixie,2019-02-13 23:37:02 UTC
PushEvent,jonahwilliams,2019-02-13 19:04:47 UTC
PushEvent,HansMuller,2019-02-13 16:35:45 UTC
PushEvent,jonahwilliams,2019-02-13 20:00:10 UTC
PushEvent,jonahwilliams,2019-03-07 22:52:44 UTC
PushEvent,dnfield,2019-01-25 00:03:02 UTC
PushEvent,devoncarew,2019-01-31 16:31:29 UTC
PushEvent,jonahwilliams,2019-03-27 04:41:10 UTC
PushEvent,amirh,2019-03-27 00:36:43 UTC
PushEvent,rami-a,2019-03-27 15:19:43 UTC
PushEvent,LongCatIsLooong,2019-03-27 17:42:02 UTC
PushEvent,liyuqian,2019-03-27 19:31:22 UTC
PushEvent,liyuqian,2019-04-03 22:38:50 UTC
PushEvent,goderbauer,2019-04-03 19:49:29 UTC
PushEvent,xster,2019-01-26 02:43:46 UTC
PushEvent,engine-flutter-autoroll,2019-01-26 20:32:59 UTC
PushEvent,bkonyi,2019-02-13 01:45:59 UTC
PushEvent,aam,2019-02-13 23:30:09 UTC
PushEvent,xster,2019-02-13 02:50:23 UTC
PushEvent,dnfield,2019-02-22 00:54:00 UTC
PushEvent,mkustermann,2019-02-26 09:37:33 UTC
PushEvent,rami-a,2019-01-24 16:01:58 UTC
PushEvent,engine-flutter-autoroll,2019-01-24 19:46:05 UTC
PushEvent,DanTup,2019-01-14 15:21:42 UTC
PushEvent,xster,2019-02-07 21:20:57 UTC
PushEvent,gspencergoog,2019-01-29 19:34:47 UTC
PushEvent,engine-flutter-autoroll,2019-02-14 07:47:46 UTC
PushEvent,dnfield,2019-02-21 18:59:38 UTC
PushEvent,gspencergoog,2019-02-08 20:42:53 UTC
PushEvent,HansMuller,2019-02-08 22:31:53 UTC
PushEvent,engine-flutter-autoroll,2019-03-20 04:29:06 UTC
PushEvent,a14n,2019-03-20 22:23:46 UTC
PushEvent,amirh,2019-03-20 19:24:39 UTC
PushEvent,jonahwilliams,2019-03-20 22:40:52 UTC
PushEvent,dnfield,2019-03-13 19:58:24 UTC
PushEvent,HansMuller,2019-02-06 23:54:15 UTC
PushEvent,xster,2019-02-06 22:39:33 UTC
PushEvent,awdavies,2019-02-06 22:42:13 UTC
PushEvent,HansMuller,2019-03-04 19:42:17 UTC
PushEvent,dnfield,2019-01-18 00:01:05 UTC
PushEvent,dnfield,2019-01-24 00:31:00 UTC
PushEvent,chalin,2019-01-24 02:54:32 UTC
PushEvent,jonahwilliams,2019-01-24 00:33:15 UTC
PushEvent,gspencergoog,2019-03-27 16:26:50 UTC
PushEvent,HansMuller,2019-03-14 16:20:00 UTC
PushEvent,dnfield,2019-03-14 18:35:16 UTC
PushEvent,cbracken,2019-01-24 00:32:43 UTC
PushEvent,jonahwilliams,2019-02-23 03:25:45 UTC
PushEvent,dnfield,2019-02-23 17:56:44 UTC
PushEvent,dnfield,2019-02-23 17:39:55 UTC
PushEvent,HansMuller,2019-02-28 01:24:21 UTC
PushEvent,engine-flutter-autoroll,2019-02-28 18:10:44 UTC
PushEvent,xster,2019-03-22 18:21:23 UTC
PushEvent,jonahwilliams,2019-03-21 21:33:08 UTC
PushEvent,bkonyi,2019-02-25 20:48:14 UTC
PushEvent,bkonyi,2019-02-25 22:55:39 UTC
PushEvent,jonahwilliams,2019-03-14 20:07:20 UTC
PushEvent,dnfield,2019-01-22 06:41:54 UTC
PushEvent,engine-flutter-autoroll,2019-02-16 06:48:47 UTC
PushEvent,HansMuller,2019-02-01 18:15:07 UTC
PushEvent,liyuqian,2019-02-01 23:05:10 UTC
PushEvent,xster,2019-01-29 20:46:53 UTC
PushEvent,HansMuller,2019-02-27 17:45:34 UTC
PushEvent,cbracken,2019-01-10 20:15:21 UTC
PushEvent,xster,2019-01-10 10:42:27 UTC
PushEvent,DanTup,2019-01-10 07:47:50 UTC
PushEvent,gspencergoog,2019-01-10 20:56:15 UTC
PushEvent,bkonyi,2019-01-10 21:54:34 UTC
PushEvent,bkonyi,2019-01-10 22:31:27 UTC
PushEvent,engine-flutter-autoroll,2019-01-16 16:35:02 UTC
PushEvent,chinmaygarde,2019-03-28 00:31:43 UTC
PushEvent,franciscojma86,2019-03-28 17:04:42 UTC
PushEvent,goderbauer,2019-03-28 17:44:32 UTC
PushEvent,engine-flutter-autoroll,2019-04-09 21:40:37 UTC
PushEvent,goderbauer,2019-02-25 18:29:37 UTC
PushEvent,HansMuller,2019-02-25 18:58:34 UTC
PushEvent,Hixie,2019-01-14 20:40:03 UTC
PushEvent,bkonyi,2019-02-25 23:40:16 UTC
PushEvent,bkonyi,2019-02-25 21:34:06 UTC
PushEvent,goderbauer,2019-02-25 18:32:39 UTC
PushEvent,bkonyi,2019-02-25 22:45:05 UTC
PushEvent,liyuqian,2019-03-08 23:43:20 UTC
PushEvent,gspencergoog,2019-03-08 17:39:35 UTC
PushEvent,jonahwilliams,2019-03-08 21:32:06 UTC
PushEvent,gspencergoog,2019-02-21 16:47:43 UTC
PushEvent,dnfield,2019-02-21 22:46:41 UTC
PushEvent,gspencergoog,2019-02-21 23:57:15 UTC
PushEvent,cbracken,2019-03-06 17:15:02 UTC
PushEvent,dnfield,2019-03-06 18:51:36 UTC
PushEvent,xster,2019-02-05 07:50:26 UTC
PushEvent,HansMuller,2019-02-05 00:55:13 UTC
PushEvent,HansMuller,2019-02-05 22:37:02 UTC
PushEvent,goderbauer,2019-01-30 06:33:45 UTC
PushEvent,scheglov,2019-01-30 15:31:20 UTC
PushEvent,goderbauer,2019-01-30 16:56:29 UTC
PushEvent,rami-a,2019-01-30 21:00:09 UTC
PushEvent,GaryQian,2019-02-15 18:28:38 UTC
PushEvent,jonahwilliams,2019-02-15 06:42:54 UTC
PushEvent,GaryQian,2019-01-25 00:01:25 UTC
PushEvent,jonahwilliams,2019-03-21 20:59:53 UTC
PushEvent,amirh,2019-03-21 18:02:58 UTC
PushEvent,jonahwilliams,2019-02-22 06:32:14 UTC
PushEvent,cbracken,2019-02-22 04:23:05 UTC
PushEvent,cbracken,2019-02-22 19:07:36 UTC
PushEvent,aam,2019-02-01 01:43:51 UTC
PushEvent,jonahwilliams,2019-02-01 02:42:49 UTC
PushEvent,dnfield,2019-04-03 01:07:48 UTC
PushEvent,engine-flutter-autoroll,2019-03-26 02:58:00 UTC
PushEvent,dnfield,2019-03-26 18:40:22 UTC
PushEvent,engine-flutter-autoroll,2019-03-25 18:42:56 UTC
PushEvent,HansMuller,2019-01-02 18:50:21 UTC
PushEvent,dnfield,2019-01-17 00:46:56 UTC
PushEvent,jslavitz,2019-01-17 01:30:45 UTC
PushEvent,goderbauer,2019-01-17 22:54:51 UTC
PushEvent,goderbauer,2019-01-17 19:11:53 UTC
PushEvent,dnfield,2019-01-17 23:01:08 UTC
PushEvent,mehmetf,2019-01-17 16:49:21 UTC
PushEvent,goderbauer,2019-01-17 17:52:08 UTC
PushEvent,liyuqian,2019-03-19 00:34:36 UTC
PushEvent,bkonyi,2019-03-19 21:47:50 UTC
PushEvent,engine-flutter-autoroll,2019-02-24 01:59:49 UTC
PushEvent,jonahwilliams,2019-02-27 03:25:49 UTC
PushEvent,liyuqian,2019-02-27 17:33:26 UTC
PushEvent,Hixie,2019-01-15 23:06:49 UTC
PushEvent,cbracken,2019-01-15 18:24:26 UTC
PushEvent,DanTup,2019-01-15 15:39:59 UTC
PushEvent,kf6gpe,2019-02-22 05:22:02 UTC
PushEvent,bkonyi,2019-02-22 22:47:43 UTC
PushEvent,liyuqian,2019-02-27 00:39:13 UTC
PushEvent,jslavitz,2019-02-25 22:15:46 UTC
PushEvent,dnfield,2019-04-07 03:15:01 UTC
PushEvent,engine-flutter-autoroll,2019-03-03 10:15:55 UTC
PushEvent,goderbauer,2019-02-12 23:55:07 UTC
PushEvent,dnfield,2019-02-12 20:28:41 UTC
PushEvent,rami-a,2019-02-12 21:57:04 UTC
PushEvent,engine-flutter-autoroll,2019-01-23 17:50:04 UTC
PushEvent,tvolkert,2019-02-14 04:17:48 UTC
PushEvent,kangwang1988,2019-02-14 08:08:42 UTC
PushEvent,xster,2019-03-21 22:32:01 UTC
PushEvent,christopherfujino,2019-03-21 16:12:12 UTC
PushEvent,HansMuller,2019-03-21 17:32:58 UTC
PushEvent,zanderso,2019-01-09 18:11:00 UTC
PushEvent,xster,2019-02-06 00:48:35 UTC
PushEvent,gspencergoog,2019-02-06 22:37:36 UTC
PushEvent,jcollins-g,2019-02-06 19:11:17 UTC
PushEvent,a-siva,2019-01-30 01:19:27 UTC
PushEvent,jonahwilliams,2019-01-30 20:53:42 UTC
PushEvent,jason-simmons,2019-03-25 22:59:06 UTC
PushEvent,engine-flutter-autoroll,2019-03-23 05:17:04 UTC
PushEvent,jonahwilliams,2019-03-20 22:42:00 UTC
PushEvent,tvolkert,2019-02-14 07:20:56 UTC
PushEvent,Piinks,2019-02-15 18:24:29 UTC
PushEvent,gspencergoog,2019-02-15 15:49:13 UTC
PushEvent,tvolkert,2019-01-11 15:46:19 UTC
PushEvent,gamebox,2019-03-05 15:38:45 UTC
PushEvent,dnfield,2019-04-05 17:23:52 UTC
PushEvent,jonahwilliams,2019-03-22 05:59:21 UTC
PushEvent,jonahwilliams,2019-01-23 02:40:28 UTC
PushEvent,goderbauer,2019-02-14 23:15:18 UTC
PushEvent,tvolkert,2019-02-14 01:58:57 UTC
PushEvent,jonahwilliams,2019-03-28 00:21:26 UTC
PushEvent,jonahwilliams,2019-03-28 19:16:19 UTC
PushEvent,bkonyi,2019-02-13 03:19:45 UTC
PushEvent,gspencergoog,2019-02-13 03:41:11 UTC
PushEvent,gspencergoog,2019-02-13 03:40:38 UTC
PushEvent,xster,2019-02-13 20:43:24 UTC
PushEvent,goderbauer,2019-02-13 23:17:57 UTC
PushEvent,clocksmith,2019-02-11 19:58:00 UTC
PushEvent,goderbauer,2019-02-21 23:58:46 UTC
PushEvent,engine-flutter-autoroll,2019-01-14 05:47:08 UTC
PushEvent,gspencergoog,2019-01-14 21:50:13 UTC
PushEvent,HansMuller,2019-01-08 22:18:04 UTC
PushEvent,goderbauer,2019-01-08 22:57:08 UTC
PushEvent,gspencergoog,2019-02-28 23:37:34 UTC
PushEvent,bkonyi,2019-02-12 00:05:12 UTC
PushEvent,dnfield,2019-02-12 20:29:03 UTC
PushEvent,goderbauer,2019-02-05 02:31:42 UTC
PushEvent,liyuqian,2019-02-05 06:54:30 UTC
PushEvent,jonahwilliams,2019-03-22 03:34:24 UTC
PushEvent,a14n,2019-03-22 23:02:37 UTC
PushEvent,engine-flutter-autoroll,2019-03-21 06:11:55 UTC
PushEvent,engine-flutter-autoroll,2019-03-21 15:49:05 UTC
PushEvent,goderbauer,2019-02-15 17:37:50 UTC
PushEvent,goderbauer,2019-01-08 00:22:16 UTC
PushEvent,jonahwilliams,2019-01-08 21:46:13 UTC
PushEvent,rami-a,2019-02-22 20:51:13 UTC
PushEvent,HansMuller,2019-02-22 20:48:08 UTC
PushEvent,engine-flutter-autoroll,2019-02-22 23:28:44 UTC
PushEvent,engine-flutter-autoroll,2019-01-24 00:35:02 UTC
PushEvent,engine-flutter-autoroll,2019-01-01 16:47:53 UTC
PushEvent,jason-simmons,2019-01-15 00:16:30 UTC
PushEvent,liyuqian,2019-02-22 23:37:18 UTC
PushEvent,cbracken,2019-02-22 07:18:37 UTC
PushEvent,filiph,2019-03-14 23:20:53 UTC
PushEvent,jonahwilliams,2019-01-17 23:48:18 UTC
PushEvent,jonahwilliams,2019-04-09 03:22:52 UTC
PushEvent,HansMuller,2019-02-22 00:05:54 UTC
PushEvent,sbaranov,2019-02-22 06:00:02 UTC
PushEvent,bkonyi,2019-01-10 20:50:43 UTC
PushEvent,dnfield,2019-02-16 01:45:14 UTC
PushEvent,liyuqian,2019-02-16 00:12:53 UTC
PushEvent,matthew-carroll,2019-02-05 00:46:22 UTC
PushEvent,dnfield,2019-01-15 18:02:00 UTC
PushEvent,jonahwilliams,2019-01-15 15:45:28 UTC
PushEvent,rami-a,2019-03-14 14:21:28 UTC
PushEvent,jonahwilliams,2019-01-19 19:33:13 UTC
PushEvent,bkonyi,2019-01-11 00:09:29 UTC
PushEvent,filiph,2019-03-12 01:53:57 UTC
PushEvent,engine-flutter-autoroll,2019-03-12 00:53:45 UTC
PushEvent,dnfield,2019-03-12 23:34:26 UTC
PushEvent,filiph,2019-03-12 17:56:20 UTC
PushEvent,jonahwilliams,2019-01-25 00:00:13 UTC
PushEvent,GaryQian,2019-01-25 18:40:24 UTC
PushEvent,jonahwilliams,2019-03-27 22:24:23 UTC
PushEvent,xster,2019-02-26 22:16:39 UTC
PushEvent,engine-flutter-autoroll,2019-03-27 22:39:04 UTC
PushEvent,cyanglaz,2019-03-27 20:56:41 UTC
PushEvent,jonahwilliams,2019-04-11 05:09:00 UTC
PushEvent,xster,2019-04-11 21:14:28 UTC
PushEvent,engine-flutter-autoroll,2019-02-26 20:11:44 UTC
PushEvent,willlarche,2019-03-15 01:25:08 UTC
PushEvent,Piinks,2019-03-15 20:32:18 UTC
PushEvent,engine-flutter-autoroll,2019-01-17 04:34:59 UTC
PushEvent,jonahwilliams,2019-01-17 17:30:31 UTC
PushEvent,goderbauer,2019-01-17 19:03:28 UTC
PushEvent,dkwingsmt,2019-03-06 23:58:52 UTC
PushEvent,a14n,2019-03-06 08:37:50 UTC
PushEvent,goderbauer,2019-03-06 23:32:49 UTC
PushEvent,gspencergoog,2019-03-06 17:35:47 UTC
PushEvent,DanTup,2019-03-02 13:20:07 UTC
PushEvent,dnfield,2019-03-08 03:00:00 UTC
PushEvent,jonahwilliams,2019-03-06 23:38:52 UTC
PushEvent,a14n,2019-01-23 14:43:57 UTC
PushEvent,filiph,2019-02-21 00:07:03 UTC
PushEvent,jslavitz,2019-02-21 00:16:09 UTC
PushEvent,a-siva,2019-02-05 21:53:19 UTC
PushEvent,jacob314,2019-03-28 23:25:13 UTC
PushEvent,xster,2019-03-27 22:42:00 UTC
PushEvent,engine-flutter-autoroll,2019-02-12 06:04:53 UTC
PushEvent,jonahwilliams,2019-02-15 06:50:09 UTC
PushEvent,liyuqian,2019-02-15 23:54:33 UTC
PushEvent,HansMuller,2019-02-15 22:48:56 UTC
PushEvent,rami-a,2019-03-18 15:59:25 UTC
PushEvent,jason-simmons,2019-03-04 19:05:07 UTC
PushEvent,zanderso,2019-03-04 18:53:14 UTC
PushEvent,tvolkert,2019-01-15 18:07:05 UTC
PushEvent,dnfield,2019-01-15 16:42:33 UTC
PushEvent,xster,2019-01-15 10:51:39 UTC
PushEvent,dnfield,2019-01-15 16:43:08 UTC
PushEvent,jslavitz,2019-01-09 18:54:10 UTC
PushEvent,timsneath,2019-01-09 22:52:46 UTC
PushEvent,DanTup,2019-01-09 15:10:16 UTC
PushEvent,dnfield,2019-01-09 22:45:01 UTC
PushEvent,liyuqian,2019-02-27 01:38:35 UTC
PushEvent,goderbauer,2019-02-27 22:59:13 UTC
PushEvent,xster,2019-01-04 16:41:06 UTC
PushEvent,engine-flutter-autoroll,2019-03-26 01:00:00 UTC
PushEvent,zanderso,2019-03-26 15:57:55 UTC
PushEvent,bkonyi,2019-02-25 21:06:13 UTC
PushEvent,bkonyi,2019-02-25 23:14:27 UTC
PushEvent,Hixie,2019-02-25 22:23:13 UTC
PushEvent,engine-flutter-autoroll,2019-03-11 03:22:44 UTC
PushEvent,goderbauer,2019-02-13 23:51:37 UTC
PushEvent,HansMuller,2019-02-13 21:03:28 UTC
PushEvent,bkonyi,2019-01-10 23:05:39 UTC
PushEvent,bkonyi,2019-01-10 22:19:16 UTC
PushEvent,jonahwilliams,2019-01-10 21:21:20 UTC
PushEvent,jonahwilliams,2019-03-14 05:42:27 UTC
PushEvent,shihaohong,2019-03-14 16:26:58 UTC
PushEvent,goderbauer,2019-01-22 20:31:31 UTC
PushEvent,mkustermann,2019-02-21 08:04:16 UTC
PushEvent,engine-flutter-autoroll,2019-02-23 11:23:48 UTC
PushEvent,sbaranov,2019-02-23 01:51:22 UTC
PushEvent,dnfield,2019-02-23 18:09:09 UTC
PushEvent,rami-a,2019-02-01 14:34:03 UTC
PushEvent,goderbauer,2019-02-21 04:43:34 UTC
PushEvent,jslavitz,2019-02-21 00:15:05 UTC
PushEvent,Hixie,2019-04-12 00:11:19 UTC
PushEvent,engine-flutter-autoroll,2019-04-12 14:40:36 UTC
PushEvent,Hixie,2019-01-19 08:31:24 UTC
PushEvent,engine-flutter-autoroll,2019-02-24 19:14:50 UTC
PushEvent,liyuqian,2019-02-28 23:14:51 UTC
PushEvent,xster,2019-01-03 03:57:22 UTC
PushEvent,jslavitz,2019-01-29 03:49:39 UTC
PushEvent,jason-simmons,2019-02-04 20:41:00 UTC
PushEvent,cbracken,2019-01-11 00:05:57 UTC
PushEvent,xster,2019-01-11 03:08:19 UTC
PushEvent,dnfield,2019-02-27 00:56:57 UTC
PushEvent,liyuqian,2019-02-27 01:15:55 UTC
PushEvent,engine-flutter-autoroll,2019-02-12 19:51:47 UTC
PushEvent,DanTup,2019-01-28 17:51:47 UTC
PushEvent,tvolkert,2019-03-10 05:09:22 UTC
PushEvent,engine-flutter-autoroll,2019-03-10 02:19:50 UTC
PushEvent,shihaohong,2019-04-10 02:32:17 UTC
PushEvent,goderbauer,2019-04-10 21:55:07 UTC
PushEvent,justinmc,2019-04-10 15:35:25 UTC
PushEvent,jonahwilliams,2019-04-10 19:25:08 UTC
PushEvent,xster,2019-04-10 22:49:27 UTC
PushEvent,engine-flutter-autoroll,2019-01-25 06:42:57 UTC
PushEvent,goderbauer,2019-01-25 20:18:30 UTC
PushEvent,dnfield,2019-01-18 01:03:34 UTC
PushEvent,jslavitz,2019-01-18 21:13:52 UTC
PushEvent,engine-flutter-autoroll,2019-01-30 12:03:05 UTC
PushEvent,dnfield,2019-02-06 00:03:55 UTC
PushEvent,zanderso,2019-02-22 22:32:16 UTC
PushEvent,mit-mit,2019-01-29 15:14:03 UTC
PushEvent,chinmaygarde,2019-01-29 03:55:21 UTC
PushEvent,jslavitz,2019-01-29 02:41:38 UTC
PushEvent,a14n,2019-01-29 20:47:36 UTC
PushEvent,engine-flutter-autoroll,2019-03-24 09:19:05 UTC
PushEvent,bkonyi,2019-02-25 22:35:34 UTC
PushEvent,engine-flutter-autoroll,2019-02-25 17:57:49 UTC
PushEvent,goderbauer,2019-02-25 18:27:36 UTC
PushEvent,shihaohong,2019-03-29 19:22:48 UTC
PushEvent,cbracken,2019-02-28 01:20:30 UTC
PushEvent,goderbauer,2019-02-28 23:52:10 UTC
PushEvent,dnfield,2019-03-12 23:08:18 UTC
PushEvent,Piinks,2019-03-12 16:31:30 UTC
PushEvent,iskakaushik,2019-03-04 14:19:01 UTC
PushEvent,jason-simmons,2019-03-04 19:05:37 UTC
PushEvent,engine-flutter-autoroll,2019-03-04 16:43:49 UTC
PushEvent,gspencergoog,2019-01-11 21:42:03 UTC
PushEvent,jonahwilliams,2019-01-30 15:32:23 UTC
PushEvent,jonahwilliams,2019-01-30 15:33:46 UTC
PushEvent,jonahwilliams,2019-01-30 15:31:35 UTC
PushEvent,dnfield,2019-01-09 04:40:38 UTC
PushEvent,aam,2019-01-09 19:19:06 UTC
PushEvent,awdavies,2019-01-09 22:47:53 UTC
PushEvent,xster,2019-02-06 22:38:05 UTC
PushEvent,engine-flutter-autoroll,2019-01-03 21:23:47 UTC
PushEvent,jonahwilliams,2019-02-27 00:58:39 UTC
PushEvent,jonahwilliams,2019-04-11 19:18:54 UTC
PushEvent,scheglov,2019-01-29 19:50:15 UTC
PushEvent,xster,2019-01-29 22:10:20 UTC
PushEvent,jonahwilliams,2019-01-25 17:30:34 UTC
PushEvent,engine-flutter-autoroll,2019-02-05 01:16:45 UTC
PushEvent,xster,2019-02-05 08:55:15 UTC
PushEvent,matthew-carroll,2019-02-05 23:52:40 UTC
PushEvent,dnfield,2019-01-25 00:02:42 UTC
PushEvent,tvolkert,2019-01-25 18:38:04 UTC
PushEvent,dnfield,2019-01-09 06:04:47 UTC
PushEvent,jonahwilliams,2019-01-09 18:57:45 UTC
PushEvent,HansMuller,2019-02-01 16:24:59 UTC
PushEvent,rami-a,2019-02-01 20:54:21 UTC
PushEvent,engine-flutter-autoroll,2019-03-31 08:30:07 UTC
PushEvent,dnfield,2019-02-12 20:29:16 UTC
PushEvent,jacob314,2019-02-01 03:49:47 UTC
PushEvent,stereotype441,2019-03-11 16:47:35 UTC
PushEvent,HansMuller,2019-03-27 16:11:52 UTC
PushEvent,Piinks,2019-03-27 21:52:33 UTC
PushEvent,pq,2019-02-08 21:46:18 UTC
PushEvent,engine-flutter-autoroll,2019-02-07 21:04:50 UTC
PushEvent,jonahwilliams,2019-03-14 21:43:34 UTC
PushEvent,filiph,2019-03-12 17:05:59 UTC
PushEvent,HansMuller,2019-03-11 16:16:28 UTC
PushEvent,engine-flutter-autoroll,2019-03-11 20:11:43 UTC
PushEvent,jonahwilliams,2019-03-15 06:51:35 UTC
PushEvent,kf6gpe,2019-03-15 16:10:27 UTC
PushEvent,liyuqian,2019-03-15 16:20:30 UTC
PushEvent,jonahwilliams,2019-03-15 15:58:00 UTC
PushEvent,goderbauer,2019-03-29 00:45:16 UTC
PushEvent,jonahwilliams,2019-03-29 22:58:34 UTC
PushEvent,jonahwilliams,2019-03-29 20:10:51 UTC
PushEvent,sbaranov,2019-02-09 01:53:16 UTC
PushEvent,jonahwilliams,2019-02-09 02:12:48 UTC
PushEvent,engine-flutter-autoroll,2019-02-09 11:41:52 UTC
PushEvent,dnfield,2019-01-10 20:17:18 UTC
PushEvent,bkonyi,2019-01-10 21:22:06 UTC
PushEvent,bkonyi,2019-01-10 21:40:10 UTC
PushEvent,engine-flutter-autoroll,2019-03-23 07:54:02 UTC
PushEvent,dnfield,2019-02-20 23:39:16 UTC
PushEvent,engine-flutter-autoroll,2019-03-29 21:25:58 UTC
PushEvent,engine-flutter-autoroll,2019-03-29 23:49:59 UTC
PushEvent,shihaohong,2019-03-29 01:15:11 UTC
PushEvent,xster,2019-02-20 23:35:38 UTC
PushEvent,jonahwilliams,2019-03-25 16:43:12 UTC
PushEvent,jonahwilliams,2019-03-25 16:42:46 UTC
PushEvent,tvolkert,2019-04-08 04:01:14 UTC
PushEvent,DanTup,2019-02-05 15:43:56 UTC
PushEvent,dnfield,2019-01-11 02:53:21 UTC
PushEvent,xster,2019-01-11 02:04:40 UTC
PushEvent,liyuqian,2019-01-11 22:36:56 UTC
PushEvent,engine-flutter-autoroll,2019-02-04 21:30:50 UTC
PushEvent,HansMuller,2019-02-04 22:44:55 UTC
PushEvent,xster,2019-04-10 00:48:02 UTC
PushEvent,liyuqian,2019-03-19 03:06:00 UTC
PushEvent,jonahwilliams,2019-03-19 16:19:58 UTC
PushEvent,HansMuller,2019-03-19 21:13:27 UTC
PushEvent,bwilkerson,2019-03-19 14:08:28 UTC
PushEvent,jonahwilliams,2019-03-19 17:25:12 UTC
PushEvent,dkwingsmt,2019-04-05 16:53:57 UTC
PushEvent,timsneath,2019-04-05 15:30:16 UTC
PushEvent,gspencergoog,2019-02-26 20:02:15 UTC
PushEvent,gspencergoog,2019-02-26 16:14:11 UTC
PushEvent,xster,2019-03-28 00:25:46 UTC
PushEvent,iskakaushik,2019-02-20 23:31:24 UTC
PushEvent,dnfield,2019-03-06 21:14:06 UTC
PushEvent,bkonyi,2019-02-22 23:43:19 UTC
PushEvent,goderbauer,2019-01-29 18:37:17 UTC
PushEvent,dnfield,2019-03-29 22:45:34 UTC
PushEvent,goderbauer,2019-03-29 21:09:47 UTC
PushEvent,jonahwilliams,2019-03-29 16:54:40 UTC
PushEvent,engine-flutter-autoroll,2019-03-25 23:21:58 UTC
PushEvent,engine-flutter-autoroll,2019-03-15 19:50:48 UTC
PushEvent,engine-flutter-autoroll,2019-03-21 04:57:59 UTC
PushEvent,jonahwilliams,2019-03-21 16:03:44 UTC
PushEvent,jonahwilliams,2019-01-25 00:17:23 UTC
PushEvent,engine-flutter-autoroll,2019-01-25 05:50:12 UTC
PushEvent,gspencergoog,2019-01-25 16:49:21 UTC
PushEvent,engine-flutter-autoroll,2019-01-14 18:01:12 UTC
PushEvent,jonahwilliams,2019-02-27 22:50:02 UTC
PushEvent,jonahwilliams,2019-02-27 20:37:54 UTC
PushEvent,GaryQian,2019-03-14 00:05:55 UTC
PushEvent,jonahwilliams,2019-03-21 22:56:28 UTC
PushEvent,goderbauer,2019-03-21 22:29:09 UTC
PushEvent,goderbauer,2019-03-21 22:29:16 UTC
PushEvent,dnfield,2019-01-17 08:32:17 UTC
PushEvent,sbaranov,2019-02-16 02:43:53 UTC
PushEvent,engine-flutter-autoroll,2019-03-10 00:16:44 UTC
PushEvent,jonahwilliams,2019-03-26 15:45:49 UTC
PushEvent,engine-flutter-autoroll,2019-03-24 20:19:01 UTC
PushEvent,xster,2019-03-27 20:53:03 UTC
PushEvent,kangwang1988,2019-02-13 07:05:40 UTC
PushEvent,jonahwilliams,2019-02-21 03:56:19 UTC
PushEvent,engine-flutter-autoroll,2019-01-05 12:12:48 UTC
PushEvent,engine-flutter-autoroll,2019-01-05 13:57:53 UTC
PushEvent,aam,2019-01-05 15:34:22 UTC
PushEvent,Hixie,2019-02-04 23:11:25 UTC
PushEvent,jcollins-g,2019-02-04 22:40:41 UTC
PushEvent,HansMuller,2019-02-04 19:45:40 UTC
PushEvent,engine-flutter-autoroll,2019-04-04 07:11:06 UTC
PushEvent,mklim,2019-04-04 16:28:48 UTC
PushEvent,engine-flutter-autoroll,2019-04-04 14:16:00 UTC
PushEvent,engine-flutter-autoroll,2019-04-09 07:10:04 UTC
PushEvent,jonahwilliams,2019-02-20 23:28:44 UTC
PushEvent,xster,2019-02-20 23:35:01 UTC
PushEvent,willlarche,2019-02-24 10:54:02 UTC
PushEvent,willlarche,2019-02-24 20:49:07 UTC
PushEvent,goderbauer,2019-03-06 23:22:18 UTC
PushEvent,pq,2019-03-06 19:05:33 UTC
PushEvent,jonahwilliams,2019-03-06 23:16:33 UTC
PushEvent,goderbauer,2019-02-20 17:58:03 UTC
PushEvent,justinmc,2019-03-15 01:01:27 UTC
PushEvent,jonahwilliams,2019-03-15 00:12:57 UTC
PushEvent,dnfield,2019-03-15 02:06:42 UTC
PushEvent,HansMuller,2019-03-15 16:26:54 UTC
PushEvent,goderbauer,2019-03-15 20:34:04 UTC
PushEvent,jonahwilliams,2019-02-28 04:38:15 UTC
PushEvent,engine-flutter-autoroll,2019-02-28 22:06:45 UTC
PushEvent,tvolkert,2019-04-08 04:02:25 UTC
PushEvent,HansMuller,2019-02-04 19:47:12 UTC
PushEvent,HansMuller,2019-02-04 22:58:10 UTC
PushEvent,tvolkert,2019-03-09 09:18:18 UTC
PushEvent,engine-flutter-autoroll,2019-03-09 20:22:51 UTC
PushEvent,tvolkert,2019-02-15 17:29:27 UTC
PushEvent,goderbauer,2019-04-04 07:14:56 UTC
PushEvent,jonahwilliams,2019-03-15 15:58:48 UTC
PushEvent,Piinks,2019-03-15 16:42:25 UTC
PushEvent,Piinks,2019-03-15 15:55:45 UTC
PushEvent,HansMuller,2019-03-12 23:17:47 UTC
PushEvent,goderbauer,2019-03-12 18:49:33 UTC
PushEvent,DanTup,2019-03-12 11:47:36 UTC
PushEvent,sbaranov,2019-01-17 22:21:52 UTC
PushEvent,DaveShuckerow,2019-01-17 20:48:45 UTC
PushEvent,jonahwilliams,2019-01-17 23:54:00 UTC
PushEvent,dnfield,2019-03-10 14:53:03 UTC
PushEvent,dnfield,2019-03-10 18:12:17 UTC
PushEvent,mehmetf,2019-01-18 03:37:09 UTC
PushEvent,jonahwilliams,2019-02-26 20:02:41 UTC
PushEvent,engine-flutter-autoroll,2019-02-26 12:13:50 UTC
PushEvent,jonahwilliams,2019-02-26 21:13:36 UTC
PushEvent,timsneath,2019-01-08 23:36:04 UTC
PushEvent,DanTup,2019-01-08 10:39:21 UTC
PushEvent,GaryQian,2019-01-08 22:10:23 UTC
PushEvent,mdebbar,2019-03-21 20:25:43 UTC
PushEvent,jonahwilliams,2019-03-21 20:12:25 UTC
PushEvent,HansMuller,2019-01-08 01:34:14 UTC
PushEvent,jonahwilliams,2019-01-08 20:07:31 UTC
PushEvent,Hixie,2019-01-08 18:56:58 UTC
PushEvent,devoncarew,2019-01-08 21:21:12 UTC
PushEvent,jonahwilliams,2019-03-09 03:26:49 UTC
PushEvent,xster,2019-03-09 00:14:05 UTC
PushEvent,engine-flutter-autoroll,2019-03-09 00:31:43 UTC
PushEvent,engine-flutter-autoroll,2019-03-09 07:33:52 UTC
PushEvent,engine-flutter-autoroll,2019-03-09 16:37:46 UTC
PushEvent,xster,2019-02-05 23:01:12 UTC
PushEvent,jonahwilliams,2019-02-05 23:16:29 UTC
PushEvent,matthew-carroll,2019-02-05 22:44:38 UTC
PushEvent,HansMuller,2019-03-12 19:27:44 UTC
PushEvent,filiph,2019-03-12 17:42:19 UTC
PushEvent,jonahwilliams,2019-03-27 20:54:24 UTC
PushEvent,justinmc,2019-03-27 16:52:38 UTC
PushEvent,engine-flutter-autoroll,2019-02-26 13:08:43 UTC
PushEvent,engine-flutter-autoroll,2019-02-26 19:21:46 UTC
PushEvent,engine-flutter-autoroll,2019-02-26 22:15:44 UTC
PushEvent,efortuna,2019-04-11 23:29:36 UTC
PushEvent,engine-flutter-autoroll,2019-03-31 00:29:00 UTC
PushEvent,engine-flutter-autoroll,2019-03-31 11:39:02 UTC
PushEvent,xster,2019-01-03 05:06:12 UTC
PushEvent,GaryQian,2019-01-03 18:05:38 UTC
PushEvent,kenzieschmoll,2019-01-03 18:38:26 UTC
PushEvent,dnfield,2019-01-19 04:59:21 UTC
PushEvent,dnfield,2019-01-19 04:39:28 UTC
PushEvent,goderbauer,2019-03-12 14:45:01 UTC
PushEvent,bkonyi,2019-01-10 22:05:53 UTC
PushEvent,cbracken,2019-01-10 23:24:16 UTC
PushEvent,sbaranov,2019-01-10 00:43:24 UTC
PushEvent,jslavitz,2019-01-08 01:59:22 UTC
PushEvent,dnfield,2019-01-08 18:50:26 UTC
PushEvent,mehmetf,2019-01-08 19:07:03 UTC
PushEvent,xster,2019-04-11 01:34:01 UTC
PushEvent,dnfield,2019-04-11 01:53:43 UTC
PushEvent,DarrenGoog,2019-03-29 01:08:45 UTC
PushEvent,jonahwilliams,2019-03-29 20:40:40 UTC
PushEvent,jonahwilliams,2019-03-29 20:08:12 UTC
PushEvent,GaryQian,2019-02-23 11:35:54 UTC
PushEvent,zanderso,2019-02-23 07:22:15 UTC
PushEvent,dnfield,2019-02-23 17:57:15 UTC
PushEvent,engine-flutter-autoroll,2019-02-23 17:58:42 UTC
PushEvent,engine-flutter-autoroll,2019-02-12 03:51:47 UTC
PushEvent,goderbauer,2019-02-20 23:41:44 UTC
PushEvent,goderbauer,2019-02-20 23:40:41 UTC
PushEvent,Piinks,2019-02-11 20:54:39 UTC
PushEvent,engine-flutter-autoroll,2019-03-10 08:44:45 UTC
PushEvent,dnfield,2019-03-10 18:26:33 UTC
PushEvent,goderbauer,2019-02-20 23:42:30 UTC
PushEvent,mjohnsullivan,2019-02-20 23:50:48 UTC
PushEvent,bkonyi,2019-02-20 23:50:13 UTC
PushEvent,christopherfujino,2019-03-20 21:19:02 UTC
PushEvent,engine-flutter-autoroll,2019-01-16 08:44:10 UTC
PushEvent,jonahwilliams,2019-01-16 22:13:06 UTC
PushEvent,dnfield,2019-02-20 22:19:49 UTC
PushEvent,xster,2019-04-05 01:11:30 UTC
PushEvent,justinmc,2019-04-05 16:35:42 UTC
PushEvent,timsneath,2019-04-05 15:36:28 UTC
PushEvent,chunhtai,2019-04-05 18:31:58 UTC
PushEvent,christopherfujino,2019-04-05 14:55:47 UTC
PushEvent,liyuqian,2019-02-23 01:32:54 UTC
PushEvent,jonahwilliams,2019-02-01 03:18:17 UTC
PushEvent,liamappelbe,2019-01-24 17:48:29 UTC
PushEvent,jonahwilliams,2019-03-15 15:58:29 UTC
PushEvent,shihaohong,2019-03-15 21:26:12 UTC
PushEvent,bkonyi,2019-02-25 23:03:45 UTC
PushEvent,stuartmorgan,2019-02-25 19:43:04 UTC
PushEvent,jason-simmons,2019-02-25 19:39:32 UTC
PushEvent,HansMuller,2019-01-26 00:20:57 UTC
PushEvent,HansMuller,2019-02-15 00:42:49 UTC
PushEvent,jonahwilliams,2019-02-15 07:17:32 UTC
PushEvent,tvolkert,2019-02-15 16:04:16 UTC
PushEvent,jonahwilliams,2019-03-15 22:03:02 UTC
PushEvent,bwilkerson,2019-03-15 14:53:43 UTC
PushEvent,xster,2019-03-15 19:10:56 UTC
PushEvent,dnfield,2019-02-12 18:44:54 UTC
PushEvent,xster,2019-02-12 21:41:36 UTC
PushEvent,jonahwilliams,2019-03-13 17:14:05 UTC
PushEvent,bkonyi,2019-02-25 23:31:46 UTC
PushEvent,bkonyi,2019-02-25 23:12:38 UTC
PushEvent,bkonyi,2019-02-25 23:22:29 UTC
PushEvent,bkonyi,2019-02-20 23:45:17 UTC
PushEvent,goderbauer,2019-02-20 23:43:18 UTC
PushEvent,dnfield,2019-02-20 05:35:56 UTC
PushEvent,willlarche,2019-03-14 02:19:48 UTC
PushEvent,GaryQian,2019-03-14 01:09:17 UTC
PushEvent,filiph,2019-03-14 23:33:12 UTC
PushEvent,DarrenGoog,2019-03-29 21:15:19 UTC
PushEvent,jonahwilliams,2019-03-29 17:15:10 UTC
PushEvent,jonahwilliams,2019-01-17 01:43:18 UTC
PushEvent,goderbauer,2019-01-17 20:24:13 UTC
PushEvent,sbaranov,2019-01-11 00:08:08 UTC
PushEvent,gspencergoog,2019-01-11 15:52:29 UTC
PushEvent,clocksmith,2019-03-20 23:44:10 UTC
PushEvent,engine-flutter-autoroll,2019-03-20 22:34:01 UTC
PushEvent,xster,2019-03-20 21:51:59 UTC
PushEvent,HansMuller,2019-01-15 16:17:15 UTC
PushEvent,pq,2019-03-19 21:17:51 UTC
PushEvent,jonahwilliams,2019-02-21 03:55:25 UTC
PushEvent,HansMuller,2019-01-28 18:07:22 UTC
PushEvent,shihaohong,2019-03-28 01:17:34 UTC
PushEvent,zanderso,2019-02-22 16:38:24 UTC
PushEvent,xster,2019-02-22 06:16:52 UTC
PushEvent,DanTup,2019-01-28 16:25:23 UTC
PushEvent,jonahwilliams,2019-03-15 22:53:00 UTC
PushEvent,liyuqian,2019-03-15 19:38:08 UTC
PushEvent,dnfield,2019-03-08 17:25:31 UTC
PushEvent,gspencergoog,2019-03-08 17:39:58 UTC
PushEvent,mehmetf,2019-01-19 19:55:24 UTC
PushEvent,dnfield,2019-01-19 07:30:22 UTC
PushEvent,goderbauer,2019-01-30 05:34:49 UTC
PushEvent,zanderso,2019-01-30 21:01:36 UTC
PushEvent,jonahwilliams,2019-01-26 00:06:45 UTC
PushEvent,jonahwilliams,2019-01-26 00:16:42 UTC
PushEvent,GaryQian,2019-02-04 18:17:47 UTC
PushEvent,dnfield,2019-03-19 04:40:38 UTC
