type,actor_login,created_at
ForkEvent,roddle,2016-07-23 22:32:03 UTC
ForkEvent,jakobr-google,2016-08-23 08:36:45 UTC
ForkEvent,ZhiephieCook,2016-03-15 18:37:47 UTC
ForkEvent,mbs-technologie,2016-12-05 16:22:46 UTC
ForkEvent,Gairbek,2016-10-28 08:55:20 UTC
ForkEvent,visualrobots,2016-08-29 12:12:44 UTC
ForkEvent,DenisZheng,2016-06-22 12:27:44 UTC
ForkEvent,gruberjuliannama,2016-04-11 17:49:30 UTC
ForkEvent,ashanawebb,2016-04-12 10:46:46 UTC
ForkEvent,xiaorizi,2016-08-23 06:12:10 UTC
ForkEvent,raju-bitter,2016-11-01 09:42:42 UTC
ForkEvent,bwu-dart-contributing,2016-11-22 10:03:33 UTC
ForkEvent,winziyuan,2016-05-15 05:21:00 UTC
ForkEvent,nyangate,2016-08-16 11:03:45 UTC
ForkEvent,menismu,2016-12-04 20:34:10 UTC
ForkEvent,bsalomon,2016-03-28 22:08:00 UTC
ForkEvent,jestelle,2016-02-11 19:08:47 UTC
ForkEvent,sgjesse,2016-08-08 14:14:23 UTC
ForkEvent,creatint,2016-11-11 11:51:13 UTC
ForkEvent,TastyToast,2016-11-23 17:08:19 UTC
ForkEvent,nlacasse,2016-02-10 18:15:59 UTC
ForkEvent,mayankbaluni,2016-12-11 11:41:05 UTC
ForkEvent,maniacs-ops,2016-09-28 03:24:21 UTC
ForkEvent,kmillikin,2016-08-12 09:46:06 UTC
ForkEvent,nitinreddy3,2016-11-19 16:57:48 UTC
ForkEvent,b-strauss,2016-09-25 16:48:54 UTC
ForkEvent,Zectbumo,2016-05-25 07:22:47 UTC
ForkEvent,362876777,2016-04-08 03:49:58 UTC
ForkEvent,Mybrc91,2016-05-27 07:28:45 UTC
ForkEvent,didiwuliu,2016-04-27 13:57:19 UTC
ForkEvent,lkjx77,2016-03-04 06:44:48 UTC
ForkEvent,justinfagnani,2016-01-12 04:14:19 UTC
ForkEvent,Mahtalitet,2016-11-03 07:47:31 UTC
ForkEvent,goposse,2016-12-16 18:56:51 UTC
ForkEvent,ManigandanS,2016-05-24 06:48:47 UTC
ForkEvent,colin3dmax,2016-05-14 05:29:27 UTC
ForkEvent,codeworxzw,2016-07-03 19:44:28 UTC
ForkEvent,nunodotferreira,2016-02-15 10:02:28 UTC
ForkEvent,zxb3121999,2016-12-19 02:58:31 UTC
ForkEvent,BadaDu,2016-03-17 07:43:34 UTC
ForkEvent,dreamsxin,2016-08-23 09:02:05 UTC
ForkEvent,alvarlaigna,2017-01-01 22:02:03 UTC
ForkEvent,andy521,2016-10-26 10:14:23 UTC
ForkEvent,aman-tugnawat,2016-12-10 13:33:09 UTC
ForkEvent,niilante,2016-11-08 03:02:41 UTC
ForkEvent,pylaligand,2016-02-13 00:28:13 UTC
ForkEvent,duqian291902259,2016-02-22 03:42:02 UTC
ForkEvent,pq,2016-03-07 23:17:48 UTC
ForkEvent,mmclenna,2016-05-11 23:27:18 UTC
ForkEvent,hennriiq,2016-05-17 17:43:14 UTC
ForkEvent,leonjeru,2016-01-21 01:59:13 UTC
ForkEvent,hqs5678,2016-09-02 06:43:42 UTC
ForkEvent,zmhu,2016-05-04 09:30:15 UTC
ForkEvent,noxo,2016-04-26 12:35:16 UTC
ForkEvent,ianloic,2016-05-04 17:44:57 UTC
ForkEvent,chsergey,2016-05-19 06:47:45 UTC
ForkEvent,racoonwr,2016-12-22 07:03:31 UTC
ForkEvent,zoechi,2016-11-18 07:33:21 UTC
ForkEvent,georgewhite5,2016-08-30 07:59:06 UTC
ForkEvent,nolomi,2016-04-13 08:17:06 UTC
ForkEvent,sunglim,2016-08-11 23:25:20 UTC
ForkEvent,edelvalle,2016-08-30 19:20:22 UTC
ForkEvent,dragostis,2016-08-04 19:32:39 UTC
ForkEvent,DmitryOlshansky-google,2016-12-19 18:07:35 UTC
ForkEvent,rmacnak-google,2016-06-30 21:57:43 UTC
ForkEvent,qchong,2016-03-08 17:55:56 UTC
ForkEvent,nRike,2016-01-08 22:12:43 UTC
ForkEvent,iooly,2016-04-15 21:22:53 UTC
ForkEvent,tonymaniaci,2016-09-07 17:53:24 UTC
ForkEvent,bluerain20,2016-01-13 05:37:38 UTC
ForkEvent,zbowling,2016-01-04 20:08:57 UTC
ForkEvent,ef37,2016-11-15 11:45:12 UTC
ForkEvent,olimou,2016-12-09 21:06:48 UTC
ForkEvent,dvdwasibi,2016-09-26 18:31:06 UTC
ForkEvent,gregsimon,2016-06-22 19:03:27 UTC
ForkEvent,goposse,2016-12-01 23:24:46 UTC
ForkEvent,yangchaogit,2016-01-18 14:30:56 UTC
ForkEvent,papageo,2016-11-25 20:04:59 UTC
ForkEvent,gbracha,2016-09-12 21:55:39 UTC
ForkEvent,petrhosek,2016-11-02 18:09:35 UTC
ForkEvent,soulman-is-good,2016-11-14 22:30:46 UTC
ForkEvent,vishdha,2016-11-25 16:17:40 UTC
ForkEvent,icloudkit,2016-11-23 02:02:44 UTC
ForkEvent,drewwarren,2016-08-03 22:25:33 UTC
ForkEvent,beckler,2016-11-28 16:38:39 UTC
ForkEvent,yogerocks,2016-06-26 16:56:06 UTC
ForkEvent,KinSai1975,2016-05-22 17:32:59 UTC
ForkEvent,LeqiangBian,2016-10-15 02:48:08 UTC
ForkEvent,Praveen935,2016-03-29 10:46:37 UTC
ForkEvent,scheglov,2016-08-16 17:46:13 UTC
ForkEvent,Pacane,2016-11-13 17:13:46 UTC
ForkEvent,stevemessick,2016-02-02 16:32:18 UTC
ForkEvent,tonygentilcore,2016-04-05 00:03:25 UTC
ForkEvent,lukechurch,2016-11-08 21:37:29 UTC
ForkEvent,vhly,2016-09-02 12:10:57 UTC
ForkEvent,nelsonkam,2016-11-02 11:30:31 UTC
ForkEvent,robin2013,2016-08-16 07:35:37 UTC
ForkEvent,NeroCho,2016-05-03 07:56:51 UTC
ForkEvent,lyceel,2016-02-10 01:11:17 UTC
ForkEvent,digideskio,2016-07-22 02:28:51 UTC
ForkEvent,yeyuguo,2016-08-15 07:38:46 UTC
ForkEvent,domesticmouse,2016-10-13 00:48:50 UTC
ForkEvent,ryanhair,2016-03-17 23:06:46 UTC
ForkEvent,harshanarayana,2016-11-10 03:49:22 UTC
ForkEvent,jr38,2016-08-27 10:16:51 UTC
ForkEvent,gooderman,2016-07-05 08:54:54 UTC
ForkEvent,DoubleDa,2016-07-17 14:11:42 UTC
ForkEvent,munificent,2016-03-15 23:54:55 UTC
ForkEvent,WangCrystal,2016-07-09 08:25:53 UTC
ForkEvent,BionicClick,2016-03-14 19:20:32 UTC
ForkEvent,fork-lib2,2016-03-16 15:17:11 UTC
ForkEvent,swift2plunder,2016-04-22 01:05:27 UTC
ForkEvent,Rajesh-Veeranki,2016-01-26 20:14:30 UTC
ForkEvent,apwilson,2016-02-25 17:58:26 UTC
ForkEvent,astashov,2016-11-20 15:41:15 UTC
ForkEvent,cbracken,2016-07-29 17:43:09 UTC
ForkEvent,Zabase,2016-12-18 15:43:59 UTC
ForkEvent,danrubel,2016-08-18 23:40:07 UTC
ForkEvent,GreenMoonMoon,2016-01-07 16:18:19 UTC
ForkEvent,joylee0512,2016-08-25 07:47:59 UTC
ForkEvent,knowbody,2016-10-27 10:01:54 UTC
ForkEvent,sungsoo,2016-05-16 23:55:29 UTC
ForkEvent,rinogueira,2016-02-14 04:06:58 UTC
ForkEvent,longchuan1985,2016-01-04 05:15:48 UTC
ForkEvent,warent,2016-10-23 02:59:18 UTC
ForkEvent,noranana,2016-06-18 12:17:02 UTC
ForkEvent,vardhan-cr,2016-02-12 21:10:05 UTC
ForkEvent,JosielFaleiros,2016-05-17 04:00:51 UTC
ForkEvent,freshthinking,2016-09-23 03:46:03 UTC
ForkEvent,tonygentilcore,2016-04-14 17:58:17 UTC
ForkEvent,beckler,2016-11-28 17:17:21 UTC
ForkEvent,githubzwj,2016-11-03 04:29:43 UTC
ForkEvent,bimalvv,2016-08-16 03:30:57 UTC
ForkEvent,kaiyuanw,2016-06-09 17:45:25 UTC
ForkEvent,skoob13,2016-11-17 11:52:02 UTC
ForkEvent,zengyun261,2016-10-04 06:49:27 UTC
ForkEvent,llywuchen,2016-05-09 03:27:25 UTC
ForkEvent,din982,2016-08-23 16:33:30 UTC
ForkEvent,Wintermute1,2016-09-13 15:55:58 UTC
ForkEvent,DroidDemos,2016-01-20 12:50:17 UTC
ForkEvent,noman798,2016-03-01 20:28:04 UTC
ForkEvent,bbalet,2016-08-18 18:25:52 UTC
ForkEvent,jicksonp,2016-06-22 07:10:28 UTC
ForkEvent,debreuil,2016-10-26 00:10:30 UTC
ForkEvent,faroncoder,2016-11-05 22:02:37 UTC
ForkEvent,JeremyGrosser,2016-10-22 16:00:40 UTC
ForkEvent,jpm8999,2016-08-24 03:03:39 UTC
ForkEvent,merin707,2016-11-25 18:35:16 UTC
ForkEvent,aghassemi,2016-05-20 17:08:31 UTC
ForkEvent,bright-sparks,2016-11-06 10:53:04 UTC
ForkEvent,haikuowuya,2016-05-06 10:25:02 UTC
ForkEvent,keryoo,2016-08-23 04:00:10 UTC
ForkEvent,mattnorris,2016-11-11 19:27:26 UTC
ForkEvent,yang123vc,2016-09-23 01:55:11 UTC
ForkEvent,gitter-badger,2016-06-23 20:58:30 UTC
ForkEvent,yuxinyang0325,2016-08-23 02:39:41 UTC
ForkEvent,teisenbe,2016-12-16 20:57:09 UTC
ForkEvent,shakeel,2016-02-29 23:43:57 UTC
ForkEvent,akivafr123,2016-08-25 06:39:38 UTC
ForkEvent,tryangular,2016-12-24 04:00:55 UTC
ForkEvent,ocawa,2016-04-11 19:11:27 UTC
ForkEvent,riseofthetigers,2016-12-26 02:12:13 UTC
ForkEvent,youprofit,2016-01-21 06:37:34 UTC
ForkEvent,EpicPi,2016-08-15 22:01:33 UTC
ForkEvent,pulyaevskiy,2016-08-15 02:43:22 UTC
ForkEvent,wangmingdong102,2016-01-27 10:24:58 UTC
ForkEvent,hackoooo,2016-02-16 05:22:07 UTC
ForkEvent,aniXification,2016-08-16 07:20:49 UTC
ForkEvent,jvretamero,2016-08-14 13:55:45 UTC
ForkEvent,mikejurka,2016-08-05 22:22:11 UTC
ForkEvent,yyoon,2016-07-13 18:55:48 UTC
ForkEvent,asmh1989,2016-08-17 05:46:46 UTC
ForkEvent,bhativ1303,2016-08-16 02:14:57 UTC
ForkEvent,chaabni,2016-11-09 17:47:39 UTC
ForkEvent,shyamalschandra,2016-08-14 01:12:41 UTC
ForkEvent,croworc,2016-12-31 18:06:34 UTC
ForkEvent,mikemimik,2016-11-16 05:24:39 UTC
ForkEvent,solariumvr,2016-12-05 13:56:33 UTC
ForkEvent,yjbanov,2016-02-01 21:09:41 UTC
ForkEvent,a14n,2016-02-03 08:04:00 UTC
ForkEvent,melody77,2016-05-03 14:56:19 UTC
ForkEvent,foxt7ot,2016-01-06 05:39:19 UTC
ForkEvent,tvolkert,2016-05-26 00:15:43 UTC
ForkEvent,kharland,2016-05-23 17:15:28 UTC
ForkEvent,MitchRudominer,2016-05-15 21:29:42 UTC
ForkEvent,quentinyang,2016-05-11 03:18:08 UTC
ForkEvent,j9brown,2016-10-04 04:29:09 UTC
ForkEvent,ronlobo,2016-01-31 16:36:16 UTC
ForkEvent,joncv,2016-08-11 11:19:04 UTC
ForkEvent,1181631922,2016-01-08 08:05:10 UTC
ForkEvent,davidmueller13,2016-08-15 15:14:00 UTC
ForkEvent,PriteshJain,2016-08-22 00:04:50 UTC
ForkEvent,luiztessadri,2016-01-17 17:36:49 UTC
ForkEvent,valsun2016,2016-08-28 01:15:44 UTC
ForkEvent,ericlw,2016-03-08 19:03:04 UTC
ForkEvent,herudi,2016-06-11 04:35:35 UTC
ForkEvent,DeveloperYin,2016-03-30 02:06:33 UTC
ForkEvent,Bakrog,2016-11-06 19:54:31 UTC
ForkEvent,javashu,2016-11-28 02:49:08 UTC
ForkEvent,JerryZaz,2016-01-17 07:31:53 UTC
